symbol,label,timeStart,timeEnd,candle_count,annotatedAt,candles
NQ=F,failed_bearish_fvg,1775059200,1775149200,25,2026-05-17T18:17:50.637180+00:00,"[{""open"": 0.0, ""high"": 0.06889, ""low"": -0.105906, ""close"": 0.019536}, {""open"": 0.023649, ""high"": 0.140865, ""low"": -0.199474, ""close"": -0.194332}, {""open"": -0.194332, ""high"": -0.166571, ""low"": -0.779386, ""close"": -0.637493}, {""open"": -0.637493, ""high"": -0.239574, ""low"": -0.659085, ""close"": -0.466809}, {""open"": -0.465781, ""high"": -0.404088, ""low"": -0.565518, ""close"": -0.521305}, {""open"": -0.551123, ""high"": -0.444189, ""low"": -0.641606, ""close"": -0.590195}, {""open"": -0.590195, ""high"": -0.453442, ""low"": -0.636465, ""close"": -0.536728}, {""open"": -0.538784, ""high"": -0.280702, ""low"": -0.656001, ""close"": -0.319775}, {""open"": -0.320803, ""high"": -0.304351, ""low"": -1.651312, ""close"": -1.544378}, {""open"": -1.536152, ""high"": -1.427161, ""low"": -1.883688, ""close"": -1.765444}, {""open"": -1.762359, ""high"": -1.724315, ""low"": -2.052316, ""close"": -2.025582}, {""open"": -2.053344, ""high"": -1.944353, ""low"": -2.134573, ""close"": -2.10167}, {""open"": -2.092416, ""high"": -2.002961, ""low"": -2.304228, ""close"": -2.294974}, {""open"": -2.288805, ""high"": -2.035864, ""low"": -2.309369, ""close"": -2.050259}, {""open"": -2.049231, ""high"": -1.776754, ""low"": -2.133544, ""close"": -1.788064}, {""open"": -1.791149, ""high"": -1.777782, ""low"": -2.018384, ""close"": -1.971087}, {""open"": -1.96903, ""high"": -1.867237, ""low"": -2.037921, ""close"": -1.989594}, {""open"": -1.984453, ""high"": -1.946409, ""low"": -2.21683, ""close"": -2.059513}, {""open"": -2.065682, ""high"": -2.023526, ""low"": -2.599325, ""close"": -2.596241}, {""open"": -2.5911, ""high"": -2.287777, ""low"": -2.665131, ""close"": -2.420416}, {""open"": -2.421444, ""high"": -1.668792, ""low"": -2.615777, ""close"": -1.710948}, {""open"": -1.711977, ""high"": -0.194332, ""low"": -1.87135, ""close"": -0.571687}, {""open"": -0.573744, ""high"": -0.409229, ""low"": -0.925393, ""close"": -0.732089}, {""open"": -0.732089, ""high"": -0.563461, ""low"": -1.054948, ""close"": -0.793781}, {""open"": -0.795838, ""high"": -0.539812, ""low"": -1.030271, ""close"": -0.918195}]"
NQ=F,failed_bearish_fvg,1722333600,1722423600,25,2026-05-17T18:25:15.098694+00:00,"[{""open"": 0.0, ""high"": 0.15213, ""low"": -0.040308, ""close"": 0.136527}, {""open"": 0.135227, ""high"": 0.275654, ""low"": 0.093618, ""close"": 0.183336}, {""open"": 0.182036, ""high"": 0.261351, ""low"": 0.126125, ""close"": 0.214542}, {""open"": 0.213242, ""high"": 0.482395, ""low"": -0.106621, ""close"": -0.006501}, {""open"": -0.007802, ""high"": 0.093618, ""low"": -0.674832, ""close"": -0.618921}, {""open"": -0.626723, ""high"": -0.576013, ""low"": -1.565507, ""close"": -1.548604}, {""open"": -1.546003, ""high"": -1.319759, ""low"": -2.164924, ""close"": -2.136319}, {""open"": -2.135018, ""high"": -1.440682, ""low"": -2.205232, ""close"": -1.506995}, {""open"": -1.509596, ""high"": -1.183232, ""low"": -1.58371, ""close"": -1.42768}, {""open"": -1.425079, ""high"": -1.096115, ""low"": -1.68123, ""close"": -1.497894}, {""open"": -1.499194, ""high"": -1.419878, ""low"": -2.610912, ""close"": -1.902273}, {""open"": -1.878868, ""high"": -1.191033, ""low"": -1.899672, ""close"": -1.334061}, {""open"": -1.332761, ""high"": -0.843865, ""low"": -1.352265, ""close"": -0.864669}, {""open"": -0.86727, ""high"": -0.76325, ""low"": -1.100016, ""close"": -0.780153}, {""open"": -0.774952, ""high"": -0.71384, ""low"": -0.884173, ""close"": -0.774952}, {""open"": -0.777552, ""high"": -0.555209, ""low"": -0.790555, ""close"": -0.621522}, {""open"": -0.625423, ""high"": -0.534405, ""low"": -0.686535, ""close"": -0.557809}, {""open"": -0.647527, ""high"": -0.576013, ""low"": -0.686535, ""close"": -0.628023}, {""open"": -0.625423, ""high"": -0.009102, ""low"": -0.681334, ""close"": -0.055911}, {""open"": -0.04941, ""high"": -0.014303, ""low"": -0.312061, ""close"": -0.072814}, {""open"": -0.074115, ""high"": 0.054611, ""low"": -0.243148, ""close"": -0.031206}, {""open"": -0.032506, ""high"": 0.10402, ""low"": -0.252249, ""close"": -0.067613}, {""open"": -0.059812, ""high"": 0.020804, ""low"": -0.174234, ""close"": -0.140428}, {""open"": -0.137827, ""high"": 0.085817, ""low"": -0.15343, ""close"": 0.078015}, {""open"": 0.079316, ""high"": 0.175534, ""low"": -0.067613, ""close"": 0.132626}]"
NQ=F,failed_bearish_fvg,1722326400,1722438000,31,2026-05-17T18:25:20.618726+00:00,"[{""open"": 0.0, ""high"": 0.113072, ""low"": -0.154662, ""close"": 0.051987}, {""open"": 0.057186, ""high"": 0.158561, ""low"": -0.149463, ""close"": -0.044189}, {""open"": -0.044189, ""high"": 0.107873, ""low"": -0.084479, ""close"": 0.092277}, {""open"": 0.090978, ""high"": 0.231343, ""low"": 0.049388, ""close"": 0.139066}, {""open"": 0.137766, ""high"": 0.217047, ""low"": 0.08188, ""close"": 0.170258}, {""open"": 0.168958, ""high"": 0.437992, ""low"": -0.150763, ""close"": -0.050688}, {""open"": -0.051987, ""high"": 0.049388, ""low"": -0.718723, ""close"": -0.662837}, {""open"": -0.670635, ""high"": -0.619947, ""low"": -1.609004, ""close"": -1.592108}, {""open"": -1.589509, ""high"": -1.363365, ""low"": -2.208157, ""close"": -2.179564}, {""open"": -2.178264, ""high"": -1.484235, ""low"": -2.248447, ""close"": -1.550519}, {""open"": -1.553118, ""high"": -1.226898, ""low"": -1.6272, ""close"": -1.471238}, {""open"": -1.468639, ""high"": -1.13982, ""low"": -1.724676, ""close"": -1.541421}, {""open"": -1.54272, ""high"": -1.46344, ""low"": -2.653947, ""close"": -1.945621}, {""open"": -1.922227, ""high"": -1.234696, ""low"": -1.943022, ""close"": -1.377661}, {""open"": -1.376361, ""high"": -0.887682, ""low"": -1.395857, ""close"": -0.908477}, {""open"": -0.911076, ""high"": -0.807101, ""low"": -1.143719, ""close"": -0.823997}, {""open"": -0.818799, ""high"": -0.757714, ""low"": -0.927972, ""close"": -0.818799}, {""open"": -0.821398, ""high"": -0.599153, ""low"": -0.834395, ""close"": -0.665436}, {""open"": -0.669335, ""high"": -0.578358, ""low"": -0.73042, ""close"": -0.601752}, {""open"": -0.69143, ""high"": -0.619947, ""low"": -0.73042, ""close"": -0.671935}, {""open"": -0.669335, ""high"": -0.053287, ""low"": -0.725222, ""close"": -0.100075}, {""open"": -0.093577, ""high"": -0.058486, ""low"": -0.356112, ""close"": -0.116971}, {""open"": -0.118271, ""high"": 0.010397, ""low"": -0.287229, ""close"": -0.075381}, {""open"": -0.076681, ""high"": 0.059785, ""low"": -0.296327, ""close"": -0.111773}, {""open"": -0.103974, ""high"": -0.023394, ""low"": -0.218346, ""close"": -0.184555}, {""open"": -0.181955, ""high"": 0.04159, ""low"": -0.197551, ""close"": 0.033792}, {""open"": 0.035091, ""high"": 0.131268, ""low"": -0.111773, ""close"": 0.088378}, {""open"": 0.08318, ""high"": 0.619947, ""low"": 0.053287, ""close"": 0.580957}, {""open"": 0.579657, ""high"": 0.930571, ""low"": 0.391204, ""close"": 0.808401}, {""open"": 0.808401, ""high"": 1.343869, ""low"": 0.708326, ""close"": 1.124223}, {""open"": 1.128122, ""high"": 1.456942, ""low"": 1.073536, ""close"": 1.228198}]"
NQ=F,failed_bearish_fvg,1722330000,1722427200,27,2026-05-17T18:25:26.112310+00:00,"[{""open"": 0.0, ""high"": 0.101317, ""low"": -0.206531, ""close"": -0.101317}, {""open"": -0.101317, ""high"": 0.050659, ""low"": -0.141584, ""close"": 0.035071}, {""open"": 0.033772, ""high"": 0.174058, ""low"": -0.007794, ""close"": 0.081833}, {""open"": 0.080534, ""high"": 0.159769, ""low"": 0.02468, ""close"": 0.113008}, {""open"": 0.111709, ""high"": 0.380589, ""low"": -0.20783, ""close"": -0.107812}, {""open"": -0.109111, ""high"": -0.007794, ""low"": -0.775466, ""close"": -0.719611}, {""open"": -0.727405, ""high"": -0.676746, ""low"": -1.665238, ""close"": -1.648352}, {""open"": -1.645754, ""high"": -1.419739, ""low"": -2.264048, ""close"": -2.235471}, {""open"": -2.234172, ""high"": -1.54054, ""low"": -2.304315, ""close"": -1.606786}, {""open"": -1.609384, ""high"": -1.28335, ""low"": -1.683423, ""close"": -1.52755}, {""open"": -1.524953, ""high"": -1.196321, ""low"": -1.780843, ""close"": -1.597693}, {""open"": -1.598992, ""high"": -1.519757, ""low"": -2.709584, ""close"": -2.001663}, {""open"": -1.978282, ""high"": -1.291144, ""low"": -1.999065, ""close"": -1.434027}, {""open"": -1.432728, ""high"": -0.944328, ""low"": -1.452212, ""close"": -0.965111}, {""open"": -0.967708, ""high"": -0.863793, ""low"": -1.200218, ""close"": -0.88068}, {""open"": -0.875484, ""high"": -0.814434, ""low"": -0.984595, ""close"": -0.875484}, {""open"": -0.878082, ""high"": -0.655963, ""low"": -0.891071, ""close"": -0.722209}, {""open"": -0.726106, ""high"": -0.63518, ""low"": -0.787156, ""close"": -0.658561}, {""open"": -0.748188, ""high"": -0.676746, ""low"": -0.787156, ""close"": -0.728704}, {""open"": -0.726106, ""high"": -0.11041, ""low"": -0.78196, ""close"": -0.157171}, {""open"": -0.150677, ""high"": -0.115605, ""low"": -0.413062, ""close"": -0.174058}, {""open"": -0.175357, ""high"": -0.046762, ""low"": -0.344218, ""close"": -0.132492}, {""open"": -0.133791, ""high"": 0.002598, ""low"": -0.353311, ""close"": -0.168862}, {""open"": -0.161068, ""high"": -0.080534, ""low"": -0.275375, ""close"": -0.241602}, {""open"": -0.239004, ""high"": -0.015587, ""low"": -0.254592, ""close"": -0.023381}, {""open"": -0.022082, ""high"": 0.074039, ""low"": -0.168862, ""close"": 0.031174}, {""open"": 0.025979, ""high"": 0.56244, ""low"": -0.003897, ""close"": 0.523472}]"
NQ=F,failed_bearish_fvg,1724842800,1724940000,27,2026-05-17T18:26:26.602940+00:00,"[{""open"": 0.0, ""high"": 0.024157, ""low"": -0.270817, ""close"": -0.223773}, {""open"": -0.225045, ""high"": -0.080101, ""low"": -0.292431, ""close"": -0.104258}, {""open"": -0.105529, ""high"": -0.031786, ""low"": -0.672592, ""close"": -0.534005}, {""open"": -0.532733, ""high"": -0.35346, ""low"": -1.059109, ""close"": -1.057838}, {""open"": -1.059109, ""high"": -1.056566, ""low"": -1.645243, ""close"": -1.200239}, {""open"": -1.20151, ""high"": -1.017152, ""low"": -1.52827, ""close"": -1.064195}, {""open"": -1.068009, ""high"": -0.986637, ""low"": -1.889359, ""close"": -1.861388}, {""open"": -1.858845, ""high"": -1.155739, ""low"": -1.954203, ""close"": -1.18371}, {""open"": -1.184982, ""high"": -0.915437, ""low"": -1.299411, ""close"": -1.228211}, {""open"": -1.229482, ""high"": -1.031138, ""low"": -2.214848, ""close"": -1.256182}, {""open"": -2.266977, ""high"": -2.025403, ""low"": -2.657309, ""close"": -2.432264}, {""open"": -2.436078, ""high"": -2.33182, ""low"": -2.493293, ""close"": -2.381406}, {""open"": -2.386492, ""high"": -2.072447, ""low"": -2.396664, ""close"": -2.143647}, {""open"": -2.142376, ""high"": -2.08389, ""low"": -2.274606, ""close"": -2.198319}, {""open"": -2.198319, ""high"": -2.002517, ""low"": -2.261891, ""close"": -2.044475}, {""open"": -2.048289, ""high"": -1.955474, ""low"": -2.052104, ""close"": -1.982174}, {""open"": -1.946574, ""high"": -1.853759, ""low"": -1.961831, ""close"": -1.885545}, {""open"": -1.886816, ""high"": -1.6961, ""low"": -1.959289, ""close"": -1.727886}, {""open"": -1.734244, ""high"": -1.586757, ""low"": -1.800359, ""close"": -1.641429}, {""open"": -1.638886, ""high"": -1.369341, ""low"": -1.645243, ""close"": -1.487584}, {""open"": -1.495213, ""high"": -1.204053, ""low"": -1.533356, ""close"": -1.27144}, {""open"": -1.267625, ""high"": -0.798464, ""low"": -1.290511, ""close"": -0.886193}, {""open"": -0.886193, ""high"": -0.745064, ""low"": -1.155739, ""close"": -1.090895}, {""open"": -1.090895, ""high"": -0.869665, ""low"": -1.242197, ""close"": -0.999352}, {""open"": -1.001894, ""high"": -0.759049, ""low"": -1.113781, ""close"": -0.987909}, {""open"": -0.986637, ""high"": -0.058486, ""low"": -1.012066, ""close"": -0.096629}, {""open"": -0.096629, ""high"": 0.155116, ""low"": -0.67132, ""close"": -0.102987}]"
NQ=F,failed_bearish_fvg,1724846400,1724940000,26,2026-05-17T18:26:30.600634+00:00,"[{""open"": 0.0, ""high"": 0.145271, ""low"": -0.067538, ""close"": 0.121059}, {""open"": 0.119785, ""high"": 0.193695, ""low"": -0.448556, ""close"": -0.309657}, {""open"": -0.308382, ""high"": -0.128705, ""low"": -0.835946, ""close"": -0.834671}, {""open"": -0.835946, ""high"": -0.833397, ""low"": -1.423401, ""close"": -0.977394}, {""open"": -0.978668, ""high"": -0.793894, ""low"": -1.306165, ""close"": -0.841043}, {""open"": -0.844866, ""high"": -0.76331, ""low"": -1.668068, ""close"": -1.640034}, {""open"": -1.637485, ""high"": -0.932793, ""low"": -1.733058, ""close"": -0.960828}, {""open"": -0.962102, ""high"": -0.691949, ""low"": -1.07679, ""close"": -1.005429}, {""open"": -1.006703, ""high"": -0.807911, ""low"": -1.994291, ""close"": -1.033463}, {""open"": -2.046538, ""high"": -1.804419, ""low"": -2.43775, ""close"": -2.212198}, {""open"": -2.216021, ""high"": -2.111527, ""low"": -2.273364, ""close"": -2.161225}, {""open"": -2.166323, ""high"": -1.851569, ""low"": -2.176517, ""close"": -1.92293}, {""open"": -1.921656, ""high"": -1.863037, ""low"": -2.054184, ""close"": -1.977725}, {""open"": -1.977725, ""high"": -1.781482, ""low"": -2.04144, ""close"": -1.823534}, {""open"": -1.827357, ""high"": -1.734332, ""low"": -1.83118, ""close"": -1.761093}, {""open"": -1.725412, ""high"": -1.632388, ""low"": -1.740704, ""close"": -1.664245}, {""open"": -1.66552, ""high"": -1.474374, ""low"": -1.738155, ""close"": -1.506231}, {""open"": -1.512603, ""high"": -1.364783, ""low"": -1.578867, ""close"": -1.419578}, {""open"": -1.41703, ""high"": -1.146877, ""low"": -1.423401, ""close"": -1.265387}, {""open"": -1.273033, ""high"": -0.981217, ""low"": -1.311262, ""close"": -1.048755}, {""open"": -1.044932, ""high"": -0.574713, ""low"": -1.06787, ""close"": -0.66264}, {""open"": -0.66264, ""high"": -0.521192, ""low"": -0.932793, ""close"": -0.867803}, {""open"": -0.867803, ""high"": -0.646074, ""low"": -1.019446, ""close"": -0.776053}, {""open"": -0.778602, ""high"": -0.535209, ""low"": -0.890741, ""close"": -0.764584}, {""open"": -0.76331, ""high"": 0.166934, ""low"": -0.788796, ""close"": 0.128705}, {""open"": 0.128705, ""high"": 0.381018, ""low"": -0.447282, ""close"": 0.122334}]"
NQ=F,failed_bearish_fvg,1726578000,1726722000,39,2026-05-17T18:27:08.772974+00:00,"[{""open"": 0.0, ""high"": 0.158464, ""low"": -0.442167, ""close"": -0.189135}, {""open"": -0.182745, ""high"": 0.269645, ""low"": -0.287536, ""close"": -0.136739}, {""open"": -0.134184, ""high"": 0.089456, ""low"": -0.29137, ""close"": -0.122682}, {""open"": -0.118848, ""high"": -0.069009, ""low"": -1.014684, ""close"": -0.819159}, {""open"": -0.824271, ""high"": -0.527789, ""low"": -1.133532, ""close"": -0.693921}, {""open"": -0.693921, ""high"": -0.594242, ""low"": -0.964844, ""close"": -0.811491}, {""open"": -0.819159, ""high"": -0.587852, ""low"": -0.860053, ""close"": -0.604465}, {""open"": -0.604465, ""high"": -0.498396, ""low"": -0.647915, ""close"": -0.572517}, {""open"": -0.571239, ""high"": -0.518843, ""low"": -0.612133, ""close"": -0.562293}, {""open"": -0.566127, ""high"": -0.46517, ""low"": -0.604465, ""close"": -0.480505}, {""open"": -0.480505, ""high"": -0.457502, ""low"": -0.532901, ""close"": -0.489451}, {""open"": -0.489451, ""high"": -0.431943, ""low"": -0.525233, ""close"": -0.451112}, {""open"": -0.447279, ""high"": -0.429387, ""low"": -0.479227, ""close"": -0.45239}, {""open"": -0.453668, ""high"": -0.453668, ""low"": -0.596797, ""close"": -0.586574}, {""open"": -0.559737, ""high"": -0.512454, ""low"": -0.660694, ""close"": -0.618522}, {""open"": -0.622356, ""high"": -0.54568, ""low"": -0.66325, ""close"": -0.557181}, {""open"": -0.561015, ""high"": -0.407663, ""low"": -0.563571, ""close"": -0.431943}, {""open"": -0.426832, ""high"": -0.37188, ""low"": -0.601909, ""close"": -0.521399}, {""open"": -0.523955, ""high"": -0.513731, ""low"": -0.716924, ""close"": -0.571239}, {""open"": -0.569961, ""high"": -0.443445, ""low"": -0.586574, ""close"": -0.449835}, {""open"": -0.446001, ""high"": -0.424276, ""low"": -0.503508, ""close"": -0.431943}, {""open"": -0.435777, ""high"": -0.348877, ""low"": -0.490729, ""close"": -0.486895}, {""open"": -0.481783, ""high"": -0.339932, ""low"": -0.650471, ""close"": -0.368046}, {""open"": -0.368046, ""high"": -0.325874, ""low"": -0.678586, ""close"": -0.462614}, {""open"": -0.460058, ""high"": -0.382104, ""low"": -0.774431, ""close"": -0.554625}, {""open"": -0.546958, ""high"": -0.460058, ""low"": -1.074747, ""close"": -1.023629}, {""open"": -1.032575, ""high"": -0.439611, ""low"": -1.087526, ""close"": -0.469004}, {""open"": -0.466448, ""high"": -0.350155, ""low"": -0.637692, ""close"": -0.521399}, {""open"": -0.610855, ""high"": 0.497118, ""low"": -0.826826, ""close"": -0.364213}, {""open"": -0.376992, ""high"": -0.115015, ""low"": -1.184649, ""close"": -1.086248}, {""open"": -1.090082, ""high"": -0.66964, ""low"": -1.156535, ""close"": -0.838328}, {""open"": -0.727147, ""high"": -0.543124, ""low"": -0.78721, ""close"": -0.645359}, {""open"": -0.645359, ""high"": -0.079232, ""low"": -0.773153, ""close"": -0.169966}, {""open"": -0.153353, ""high"": 0.246642, ""low"": -0.449835, ""close"": -0.375714}, {""open"": -0.383382, ""high"": -0.290092, ""low"": -0.596797, ""close"": -0.293926}, {""open"": -0.269645, ""high"": 0.226195, ""low"": -0.320763, ""close"": 0.120126}, {""open"": 0.118848, ""high"": 0.339932, ""low"": 0.002556, ""close"": 0.310539}, {""open"": 0.305427, ""high"": 0.351433, ""low"": 0.251754, ""close"": 0.330986}, {""open"": 0.330986, ""high"": 0.467726, ""low"": 0.223639, ""close"": 0.420442}]"
NQ=F,failed_bearish_fvg,1726581600,1726722000,38,2026-05-17T18:27:16.965661+00:00,"[{""open"": 0.0, ""high"": 0.453219, ""low"": -0.104983, ""close"": 0.04609}, {""open"": 0.048651, ""high"": 0.272699, ""low"": -0.108824, ""close"": 0.060173}, {""open"": 0.064014, ""high"": 0.113945, ""low"": -0.833461, ""close"": -0.637579}, {""open"": -0.6427, ""high"": -0.345675, ""low"": -0.952527, ""close"": -0.512111}, {""open"": -0.512111, ""high"": -0.41225, ""low"": -0.78353, ""close"": -0.629897}, {""open"": -0.637579, ""high"": -0.405848, ""low"": -0.678548, ""close"": -0.422492}, {""open"": -0.422492, ""high"": -0.316229, ""low"": -0.466021, ""close"": -0.390485}, {""open"": -0.389205, ""high"": -0.336713, ""low"": -0.430174, ""close"": -0.380243}, {""open"": -0.384084, ""high"": -0.282942, ""low"": -0.422492, ""close"": -0.298305}, {""open"": -0.298305, ""high"": -0.27526, ""low"": -0.350796, ""close"": -0.307267}, {""open"": -0.307267, ""high"": -0.249654, ""low"": -0.343115, ""close"": -0.268859}, {""open"": -0.265018, ""high"": -0.247094, ""low"": -0.297025, ""close"": -0.270139}, {""open"": -0.271419, ""high"": -0.271419, ""low"": -0.41481, ""close"": -0.404568}, {""open"": -0.377682, ""high"": -0.330312, ""low"": -0.478824, ""close"": -0.436575}, {""open"": -0.440416, ""high"": -0.363599, ""low"": -0.481385, ""close"": -0.375122}, {""open"": -0.378962, ""high"": -0.225329, ""low"": -0.381523, ""close"": -0.249654}, {""open"": -0.244533, ""high"": -0.189481, ""low"": -0.419931, ""close"": -0.339274}, {""open"": -0.341834, ""high"": -0.331592, ""low"": -0.535156, ""close"": -0.389205}, {""open"": -0.387924, ""high"": -0.261177, ""low"": -0.404568, ""close"": -0.267578}, {""open"": -0.263737, ""high"": -0.241973, ""low"": -0.32135, ""close"": -0.249654}, {""open"": -0.253495, ""high"": -0.166436, ""low"": -0.308547, ""close"": -0.304706}, {""open"": -0.299585, ""high"": -0.157474, ""low"": -0.468582, ""close"": -0.18564}, {""open"": -0.18564, ""high"": -0.143391, ""low"": -0.496748, ""close"": -0.280381}, {""open"": -0.27782, ""high"": -0.199723, ""low"": -0.592769, ""close"": -0.372561}, {""open"": -0.364879, ""high"": -0.27782, ""low"": -0.893634, ""close"": -0.842423}, {""open"": -0.851385, ""high"": -0.257336, ""low"": -0.906437, ""close"": -0.286782}, {""open"": -0.284222, ""high"": -0.167716, ""low"": -0.455779, ""close"": -0.339274}, {""open"": -0.428893, ""high"": 0.681108, ""low"": -0.64526, ""close"": -0.1818}, {""open"": -0.194602, ""high"": 0.067855, ""low"": -1.003738, ""close"": -0.905157}, {""open"": -0.908998, ""high"": -0.487786, ""low"": -0.975572, ""close"": -0.656783}, {""open"": -0.545399, ""high"": -0.361039, ""low"": -0.605572, ""close"": -0.463461}, {""open"": -0.463461, ""high"": 0.103703, ""low"": -0.591489, ""close"": 0.012803}, {""open"": 0.029446, ""high"": 0.430174, ""low"": -0.267578, ""close"": -0.193322}, {""open"": -0.201004, ""high"": -0.107543, ""low"": -0.41481, ""close"": -0.111384}, {""open"": -0.087059, ""high"": 0.409689, ""low"": -0.13827, ""close"": 0.303426}, {""open"": 0.302146, ""high"": 0.523634, ""low"": 0.18564, ""close"": 0.494188}, {""open"": 0.489066, ""high"": 0.535156, ""low"": 0.435295, ""close"": 0.514672}, {""open"": 0.514672, ""high"": 0.651662, ""low"": 0.407129, ""close"": 0.604291}]"
NQ=F,failed_bearish_fvg,1778777700,1778789100,39,2026-05-17T18:28:52.054519+00:00,"[{""open"": 0.0, ""high"": 0.009249, ""low"": -0.122761, ""close"": -0.015135}, {""open"": -0.014294, ""high"": 0.073993, ""low"": -0.015135, ""close"": 0.037837}, {""open"": 0.038678, ""high"": 0.04036, ""low"": -0.154713, ""close"": -0.149668}, {""open"": -0.15135, ""high"": -0.087446, ""low"": -0.270747, ""close"": -0.243841}, {""open"": -0.246363, ""high"": -0.210208, ""low"": -0.423779, ""close"": -0.390986}, {""open"": -0.388464, ""high"": -0.26318, ""low"": -0.39519, ""close"": -0.359035}, {""open"": -0.357353, ""high"": -0.279156, ""low"": -0.461616, ""close"": -0.284201}, {""open"": -0.28336, ""high"": -0.195914, ""low"": -0.322038, ""close"": -0.266543}, {""open"": -0.264021, ""high"": -0.13201, ""low"": -0.270747, ""close"": -0.157235}, {""open"": -0.158917, ""high"": -0.1009, ""low"": -0.180779, ""close"": -0.117716}, {""open"": -0.114353, ""high"": 0.011772, ""low"": -0.114353, ""close"": -0.02018}, {""open"": -0.021862, ""high"": 0.044564, ""low"": -0.036997, ""close"": 0.012612}, {""open"": 0.013453, ""high"": 0.067266, ""low"": -0.009249, ""close"": -0.005045}, {""open"": -0.005886, ""high"": -0.005886, ""low"": -0.309426, ""close"": -0.260658}, {""open"": -0.258976, ""high"": -0.203481, ""low"": -0.282519, ""close"": -0.243}, {""open"": -0.240478, ""high"": -0.123602, ""low"": -0.279997, ""close"": -0.142941}, {""open"": -0.1421, ""high"": -0.082401, ""low"": -0.171529, ""close"": -0.096696}, {""open"": -0.095014, ""high"": -0.087446, ""low"": -0.208526, ""close"": -0.183301}, {""open"": -0.184142, ""high"": -0.160599, ""low"": -0.243, ""close"": -0.198436}, {""open"": -0.197595, ""high"": -0.116035, ""low"": -0.197595, ""close"": -0.15135}, {""open"": -0.150509, ""high"": -0.127806, ""low"": -0.194232, ""close"": -0.166484}, {""open"": -0.166484, ""high"": -0.15219, ""low"": -0.260658, ""close"": -0.200118}, {""open"": -0.200959, ""high"": -0.145464, ""low"": -0.256453, ""close"": -0.16144}, {""open"": -0.159758, ""high"": -0.103422, ""low"": -0.16228, ""close"": -0.116875}, {""open"": -0.116035, ""high"": -0.049609, ""low"": -0.126965, ""close"": -0.08072}, {""open"": -0.079038, ""high"": -0.001682, ""low"": -0.079038, ""close"": -0.037837}, {""open"": -0.04036, ""high"": -0.008408, ""low"": -0.098377, ""close"": -0.037837}, {""open"": -0.037837, ""high"": -0.015976, ""low"": -0.134533, ""close"": -0.089128}, {""open"": -0.086606, ""high"": -0.051291, ""low"": -0.104263, ""close"": -0.073152}, {""open"": -0.073152, ""high"": 0.008408, ""low"": -0.077356, ""close"": -0.05045}, {""open"": -0.049609, ""high"": -0.043723, ""low"": -0.125284, ""close"": -0.113512}, {""open"": -0.11099, ""high"": -0.03027, ""low"": -0.12108, ""close"": -0.074834}, {""open"": -0.074834, ""high"": -0.036997, ""low"": -0.105945, ""close"": -0.047927}, {""open"": -0.048768, ""high"": 0.008408, ""low"": -0.052972, ""close"": -0.017657}, {""open"": -0.016817, ""high"": -0.004204, ""low"": -0.066426, ""close"": -0.051291}, {""open"": -0.049609, ""high"": -0.045405, ""low"": -0.142941, ""close"": -0.079038}, {""open"": -0.077356, ""high"": -0.066426, ""low"": -0.181619, ""close"": -0.153872}, {""open"": -0.153872, ""high"": 0.017657, ""low"": -0.158917, ""close"": -0.001682}, {""open"": -0.002522, ""high"": -0.002522, ""low"": -0.095014, ""close"": -0.088287}]"
NQ=F,failed_bearish_fvg,1775028300,1775045100,57,2026-05-17T18:31:51.091188+00:00,"[{""open"": 0.0, ""high"": 0.044534, ""low"": -0.018642, ""close"": 0.035213}, {""open"": 0.036248, ""high"": 0.101496, ""low"": 0.010357, ""close"": 0.071461}, {""open"": 0.076639, ""high"": 0.166743, ""low"": 0.075604, ""close"": 0.110817}, {""open"": 0.106674, ""high"": 0.123245, ""low"": 0.040391, ""close"": 0.119102}, {""open"": 0.118066, ""high"": 0.12428, ""low"": -0.057997, ""close"": -0.050748}, {""open"": -0.051783, ""high"": -0.03832, ""low"": -0.236132, ""close"": -0.180206}, {""open"": -0.177099, ""high"": -0.143958, ""low"": -0.276523, ""close"": -0.247525}, {""open"": -0.249596, ""high"": -0.18642, ""low"": -0.328307, ""close"": -0.228883}, {""open"": -0.233025, ""high"": -0.223704, ""low"": -0.364555, ""close"": -0.352127}, {""open"": -0.354199, ""high"": -0.335557, ""low"": -0.437052, ""close"": -0.374912}, {""open"": -0.374912, ""high"": -0.271345, ""low"": -0.396661, ""close"": -0.278595}, {""open"": -0.28688, ""high"": -0.212312, ""low"": -0.296201, ""close"": -0.222669}, {""open"": -0.220597, ""high"": -0.134637, ""low"": -0.281702, ""close"": -0.239239}, {""open"": -0.234061, ""high"": -0.168814, ""low"": -0.240275, ""close"": -0.189527}, {""open"": -0.191599, ""high"": -0.182278, ""low"": -0.25581, ""close"": -0.199884}, {""open"": -0.194706, ""high"": -0.170885, ""low"": -0.253739, ""close"": -0.194706}, {""open"": -0.201955, ""high"": -0.18642, ""low"": -0.258917, ""close"": -0.212312}, {""open"": -0.215419, ""high"": -0.151208, ""low"": -0.465015, ""close"": -0.272381}, {""open"": -0.272381, ""high"": -0.209205, ""low"": -0.35627, ""close"": -0.278595}, {""open"": -0.277559, ""high"": -0.225776, ""low"": -0.334521, ""close"": -0.315879}, {""open"": -0.307594, ""high"": -0.284809, ""low"": -0.401839, ""close"": -0.390447}, {""open"": -0.384233, ""high"": -0.375948, ""low"": -0.45673, ""close"": -0.41841}, {""open"": -0.415303, ""high"": -0.392518, ""low"": -0.486764, ""close"": -0.463979}, {""open"": -0.469158, ""high"": -0.450516, ""low"": -0.561332, ""close"": -0.507478}, {""open"": -0.512656, ""high"": -0.439123, ""low"": -0.512656, ""close"": -0.453623}, {""open"": -0.454658, ""high"": -0.38734, ""low"": -0.455694, ""close"": -0.408053}, {""open"": -0.408053, ""high"": -0.346949, ""low"": -0.41841, ""close"": -0.382162}, {""open"": -0.372841, ""high"": -0.359377, ""low"": -0.408053, ""close"": -0.371805}, {""open"": -0.367662, ""high"": -0.264095, ""low"": -0.372841, ""close"": -0.266167}, {""open"": -0.266167, ""high"": -0.219562, ""low"": -0.287916, ""close"": -0.272381}, {""open"": -0.267202, ""high"": -0.199884, ""low"": -0.344878, ""close"": -0.29413}, {""open"": -0.282737, ""high"": -0.213348, ""low"": -0.333485, ""close"": -0.315879}, {""open"": -0.320022, ""high"": -0.275488, ""low"": -0.34902, ""close"": -0.345913}, {""open"": -0.347985, ""high"": -0.24856, ""low"": -0.365591, ""close"": -0.284809}, {""open"": -0.284809, ""high"": -0.239239, ""low"": -0.30138, ""close"": -0.275488}, {""open"": -0.273416, ""high"": -0.215419, ""low"": -0.281702, ""close"": -0.268238}, {""open"": -0.265131, ""high"": -0.264095, ""low"": -0.340735, ""close"": -0.297237}, {""open"": -0.287916, ""high"": -0.226811, ""low"": -0.316915, ""close"": -0.303451}, {""open"": -0.307594, ""high"": -0.218526, ""low"": -0.312772, ""close"": -0.229918}, {""open"": -0.238204, ""high"": -0.184349, ""low"": -0.239239, ""close"": -0.199884}, {""open"": -0.204027, ""high"": -0.03107, ""low"": -0.206098, ""close"": -0.03107}, {""open"": -0.030034, ""high"": 0.004143, ""low"": -0.079746, ""close"": -0.044534}, {""open"": -0.046605, ""high"": -0.006214, ""low"": -0.117031, ""close"": -0.049712}, {""open"": -0.043498, ""high"": 0.039355, ""low"": -0.064211, ""close"": 0.026927}, {""open"": 0.025892, ""high"": 0.047641, ""low"": -0.003107, ""close"": 0.028999}, {""open"": 0.022785, ""high"": 0.080782, ""low"": 0.004143, ""close"": 0.06939}, {""open"": 0.06939, ""high"": 0.096317, ""low"": 0.016571, ""close"": 0.071461}, {""open"": 0.075604, ""high"": 0.082853, ""low"": 0.013464, ""close"": 0.057997}, {""open"": 0.057997, ""high"": 0.111852, ""low"": 0.039355, ""close"": 0.047641}, {""open"": 0.050748, ""high"": 0.101496, ""low"": 0.028999, ""close"": 0.095281}, {""open"": 0.095281, ""high"": 0.189527, ""low"": 0.089067, ""close"": 0.172957}, {""open"": 0.178135, ""high"": 0.202991, ""low"": 0.115995, ""close"": 0.164671}, {""open"": 0.164671, ""high"": 0.189527, ""low"": 0.128423, ""close"": 0.181242}, {""open"": 0.178135, ""high"": 0.258917, ""low"": 0.166743, ""close"": 0.207134}, {""open"": 0.211276, ""high"": 0.273416, ""low"": 0.205062, ""close"": 0.215419}, {""open"": 0.210241, ""high"": 0.227847, ""low"": 0.146029, ""close"": 0.1626}, {""open"": 0.158457, ""high"": 0.238204, ""low"": 0.135673, ""close"": 0.157422}]"
NQ=F,failed_bearish_fvg,1775027700,1775044800,58,2026-05-17T18:31:54.473051+00:00,"[{""open"": 0.0, ""high"": 0.010352, ""low"": -0.031057, ""close"": -0.020705}, {""open"": -0.024846, ""high"": -0.015529, ""low"": -0.074537, ""close"": -0.046586}, {""open"": -0.04141, ""high"": 0.003106, ""low"": -0.060044, ""close"": -0.006211}, {""open"": -0.005176, ""high"": 0.060044, ""low"": -0.031057, ""close"": 0.030022}, {""open"": 0.035198, ""high"": 0.125264, ""low"": 0.034163, ""close"": 0.069361}, {""open"": 0.06522, ""high"": 0.081784, ""low"": -0.001035, ""close"": 0.077643}, {""open"": 0.076608, ""high"": 0.082819, ""low"": -0.099383, ""close"": -0.092136}, {""open"": -0.093172, ""high"": -0.079713, ""low"": -0.277444, ""close"": -0.221541}, {""open"": -0.218436, ""high"": -0.185308, ""low"": -0.317819, ""close"": -0.288832}, {""open"": -0.290902, ""high"": -0.227753, ""low"": -0.369581, ""close"": -0.270198}, {""open"": -0.274338, ""high"": -0.265021, ""low"": -0.405814, ""close"": -0.393391}, {""open"": -0.395462, ""high"": -0.376827, ""low"": -0.478281, ""close"": -0.416166}, {""open"": -0.416166, ""high"": -0.312642, ""low"": -0.437906, ""close"": -0.319889}, {""open"": -0.328171, ""high"": -0.253634, ""low"": -0.337488, ""close"": -0.263986}, {""open"": -0.261916, ""high"": -0.175991, ""low"": -0.322995, ""close"": -0.28055}, {""open"": -0.275374, ""high"": -0.210154, ""low"": -0.281585, ""close"": -0.230858}, {""open"": -0.232929, ""high"": -0.223612, ""low"": -0.297114, ""close"": -0.241211}, {""open"": -0.236035, ""high"": -0.212224, ""low"": -0.295043, ""close"": -0.236035}, {""open"": -0.243281, ""high"": -0.227753, ""low"": -0.300219, ""close"": -0.253634}, {""open"": -0.256739, ""high"": -0.192555, ""low"": -0.506232, ""close"": -0.313678}, {""open"": -0.313678, ""high"": -0.250528, ""low"": -0.397532, ""close"": -0.319889}, {""open"": -0.318854, ""high"": -0.267092, ""low"": -0.375792, ""close"": -0.357158}, {""open"": -0.348876, ""high"": -0.3261, ""low"": -0.443083, ""close"": -0.431695}, {""open"": -0.425483, ""high"": -0.417202, ""low"": -0.49795, ""close"": -0.459646}, {""open"": -0.456541, ""high"": -0.433765, ""low"": -0.527972, ""close"": -0.505197}, {""open"": -0.510373, ""high"": -0.491739, ""low"": -0.602509, ""close"": -0.548677}, {""open"": -0.553853, ""high"": -0.480351, ""low"": -0.553853, ""close"": -0.494845}, {""open"": -0.49588, ""high"": -0.428589, ""low"": -0.496915, ""close"": -0.449294}, {""open"": -0.449294, ""high"": -0.388215, ""low"": -0.459646, ""close"": -0.423413}, {""open"": -0.414096, ""high"": -0.400638, ""low"": -0.449294, ""close"": -0.413061}, {""open"": -0.40892, ""high"": -0.305396, ""low"": -0.414096, ""close"": -0.307466}, {""open"": -0.307466, ""high"": -0.26088, ""low"": -0.329206, ""close"": -0.313678}, {""open"": -0.308501, ""high"": -0.241211, ""low"": -0.386144, ""close"": -0.335418}, {""open"": -0.32403, ""high"": -0.254669, ""low"": -0.374757, ""close"": -0.357158}, {""open"": -0.361299, ""high"": -0.316783, ""low"": -0.390285, ""close"": -0.38718}, {""open"": -0.38925, ""high"": -0.289867, ""low"": -0.406849, ""close"": -0.3261}, {""open"": -0.3261, ""high"": -0.28055, ""low"": -0.342664, ""close"": -0.316783}, {""open"": -0.314713, ""high"": -0.256739, ""low"": -0.322995, ""close"": -0.309537}, {""open"": -0.306431, ""high"": -0.305396, ""low"": -0.382003, ""close"": -0.338523}, {""open"": -0.329206, ""high"": -0.268127, ""low"": -0.358193, ""close"": -0.344735}, {""open"": -0.348876, ""high"": -0.259845, ""low"": -0.354052, ""close"": -0.271233}, {""open"": -0.279515, ""high"": -0.225682, ""low"": -0.28055, ""close"": -0.241211}, {""open"": -0.245352, ""high"": -0.072467, ""low"": -0.247422, ""close"": -0.072467}, {""open"": -0.071432, ""high"": -0.037269, ""low"": -0.121123, ""close"": -0.085925}, {""open"": -0.087995, ""high"": -0.047621, ""low"": -0.158392, ""close"": -0.091101}, {""open"": -0.08489, ""high"": -0.00207, ""low"": -0.105594, ""close"": -0.014493}, {""open"": -0.015529, ""high"": 0.006211, ""low"": -0.044515, ""close"": -0.012423}, {""open"": -0.018634, ""high"": 0.039339, ""low"": -0.037269, ""close"": 0.027951}, {""open"": 0.027951, ""high"": 0.054868, ""low"": -0.024846, ""close"": 0.030022}, {""open"": 0.034163, ""high"": 0.04141, ""low"": -0.027951, ""close"": 0.016564}, {""open"": 0.016564, ""high"": 0.070396, ""low"": -0.00207, ""close"": 0.006211}, {""open"": 0.009317, ""high"": 0.060044, ""low"": -0.012423, ""close"": 0.053832}, {""open"": 0.053832, ""high"": 0.148039, ""low"": 0.047621, ""close"": 0.131475}, {""open"": 0.136652, ""high"": 0.161497, ""low"": 0.074537, ""close"": 0.123194}, {""open"": 0.123194, ""high"": 0.148039, ""low"": 0.08696, ""close"": 0.139757}, {""open"": 0.136652, ""high"": 0.2174, ""low"": 0.125264, ""close"": 0.165638}, {""open"": 0.169779, ""high"": 0.231894, ""low"": 0.163568, ""close"": 0.17392}, {""open"": 0.168744, ""high"": 0.186343, ""low"": 0.104559, ""close"": 0.121123}]"
NQ=F,failed_bearish_fvg,1775028300,1775044200,54,2026-05-17T18:31:58.099916+00:00,"[{""open"": 0.0, ""high"": 0.044534, ""low"": -0.018642, ""close"": 0.035213}, {""open"": 0.036248, ""high"": 0.101496, ""low"": 0.010357, ""close"": 0.071461}, {""open"": 0.076639, ""high"": 0.166743, ""low"": 0.075604, ""close"": 0.110817}, {""open"": 0.106674, ""high"": 0.123245, ""low"": 0.040391, ""close"": 0.119102}, {""open"": 0.118066, ""high"": 0.12428, ""low"": -0.057997, ""close"": -0.050748}, {""open"": -0.051783, ""high"": -0.03832, ""low"": -0.236132, ""close"": -0.180206}, {""open"": -0.177099, ""high"": -0.143958, ""low"": -0.276523, ""close"": -0.247525}, {""open"": -0.249596, ""high"": -0.18642, ""low"": -0.328307, ""close"": -0.228883}, {""open"": -0.233025, ""high"": -0.223704, ""low"": -0.364555, ""close"": -0.352127}, {""open"": -0.354199, ""high"": -0.335557, ""low"": -0.437052, ""close"": -0.374912}, {""open"": -0.374912, ""high"": -0.271345, ""low"": -0.396661, ""close"": -0.278595}, {""open"": -0.28688, ""high"": -0.212312, ""low"": -0.296201, ""close"": -0.222669}, {""open"": -0.220597, ""high"": -0.134637, ""low"": -0.281702, ""close"": -0.239239}, {""open"": -0.234061, ""high"": -0.168814, ""low"": -0.240275, ""close"": -0.189527}, {""open"": -0.191599, ""high"": -0.182278, ""low"": -0.25581, ""close"": -0.199884}, {""open"": -0.194706, ""high"": -0.170885, ""low"": -0.253739, ""close"": -0.194706}, {""open"": -0.201955, ""high"": -0.18642, ""low"": -0.258917, ""close"": -0.212312}, {""open"": -0.215419, ""high"": -0.151208, ""low"": -0.465015, ""close"": -0.272381}, {""open"": -0.272381, ""high"": -0.209205, ""low"": -0.35627, ""close"": -0.278595}, {""open"": -0.277559, ""high"": -0.225776, ""low"": -0.334521, ""close"": -0.315879}, {""open"": -0.307594, ""high"": -0.284809, ""low"": -0.401839, ""close"": -0.390447}, {""open"": -0.384233, ""high"": -0.375948, ""low"": -0.45673, ""close"": -0.41841}, {""open"": -0.415303, ""high"": -0.392518, ""low"": -0.486764, ""close"": -0.463979}, {""open"": -0.469158, ""high"": -0.450516, ""low"": -0.561332, ""close"": -0.507478}, {""open"": -0.512656, ""high"": -0.439123, ""low"": -0.512656, ""close"": -0.453623}, {""open"": -0.454658, ""high"": -0.38734, ""low"": -0.455694, ""close"": -0.408053}, {""open"": -0.408053, ""high"": -0.346949, ""low"": -0.41841, ""close"": -0.382162}, {""open"": -0.372841, ""high"": -0.359377, ""low"": -0.408053, ""close"": -0.371805}, {""open"": -0.367662, ""high"": -0.264095, ""low"": -0.372841, ""close"": -0.266167}, {""open"": -0.266167, ""high"": -0.219562, ""low"": -0.287916, ""close"": -0.272381}, {""open"": -0.267202, ""high"": -0.199884, ""low"": -0.344878, ""close"": -0.29413}, {""open"": -0.282737, ""high"": -0.213348, ""low"": -0.333485, ""close"": -0.315879}, {""open"": -0.320022, ""high"": -0.275488, ""low"": -0.34902, ""close"": -0.345913}, {""open"": -0.347985, ""high"": -0.24856, ""low"": -0.365591, ""close"": -0.284809}, {""open"": -0.284809, ""high"": -0.239239, ""low"": -0.30138, ""close"": -0.275488}, {""open"": -0.273416, ""high"": -0.215419, ""low"": -0.281702, ""close"": -0.268238}, {""open"": -0.265131, ""high"": -0.264095, ""low"": -0.340735, ""close"": -0.297237}, {""open"": -0.287916, ""high"": -0.226811, ""low"": -0.316915, ""close"": -0.303451}, {""open"": -0.307594, ""high"": -0.218526, ""low"": -0.312772, ""close"": -0.229918}, {""open"": -0.238204, ""high"": -0.184349, ""low"": -0.239239, ""close"": -0.199884}, {""open"": -0.204027, ""high"": -0.03107, ""low"": -0.206098, ""close"": -0.03107}, {""open"": -0.030034, ""high"": 0.004143, ""low"": -0.079746, ""close"": -0.044534}, {""open"": -0.046605, ""high"": -0.006214, ""low"": -0.117031, ""close"": -0.049712}, {""open"": -0.043498, ""high"": 0.039355, ""low"": -0.064211, ""close"": 0.026927}, {""open"": 0.025892, ""high"": 0.047641, ""low"": -0.003107, ""close"": 0.028999}, {""open"": 0.022785, ""high"": 0.080782, ""low"": 0.004143, ""close"": 0.06939}, {""open"": 0.06939, ""high"": 0.096317, ""low"": 0.016571, ""close"": 0.071461}, {""open"": 0.075604, ""high"": 0.082853, ""low"": 0.013464, ""close"": 0.057997}, {""open"": 0.057997, ""high"": 0.111852, ""low"": 0.039355, ""close"": 0.047641}, {""open"": 0.050748, ""high"": 0.101496, ""low"": 0.028999, ""close"": 0.095281}, {""open"": 0.095281, ""high"": 0.189527, ""low"": 0.089067, ""close"": 0.172957}, {""open"": 0.178135, ""high"": 0.202991, ""low"": 0.115995, ""close"": 0.164671}, {""open"": 0.164671, ""high"": 0.189527, ""low"": 0.128423, ""close"": 0.181242}, {""open"": 0.178135, ""high"": 0.258917, ""low"": 0.166743, ""close"": 0.207134}]"
NQ=F,failed_bearish_fvg,1778525700,1778526720,18,2026-05-17T18:33:20.395396+00:00,"[{""open"": 0.0, ""high"": 0.021233, ""low"": -0.032274, ""close"": 0.006795}, {""open"": 0.005945, ""high"": 0.028877, ""low"": 0.005096, ""close"": 0.019534}, {""open"": 0.022082, ""high"": 0.026329, ""low"": -0.063699, ""close"": -0.039918}, {""open"": -0.038219, ""high"": -0.029726, ""low"": -0.107863, ""close"": -0.091726}, {""open"": -0.089178, ""high"": -0.085781, ""low"": -0.168164, ""close"": -0.162219}, {""open"": -0.158822, ""high"": -0.13589, ""low"": -0.183452, ""close"": -0.163918}, {""open"": -0.163918, ""high"": -0.107014, ""low"": -0.165616, ""close"": -0.118055}, {""open"": -0.120603, ""high"": -0.116356, ""low"": -0.171562, ""close"": -0.129096}, {""open"": -0.126548, ""high"": -0.125699, ""low"": -0.155425, ""close"": -0.139288}, {""open"": -0.141836, ""high"": -0.141836, ""low"": -0.19874, ""close"": -0.190246}, {""open"": -0.189397, ""high"": -0.107863, ""low"": -0.202137, ""close"": -0.110411}, {""open"": -0.108712, ""high"": -0.039068, ""low"": -0.115507, ""close"": -0.047562}, {""open"": -0.047562, ""high"": -0.044164, ""low"": -0.079836, ""close"": -0.054356}, {""open"": -0.056055, ""high"": -0.03737, ""low"": -0.080685, ""close"": -0.070493}, {""open"": -0.073041, ""high"": -0.028027, ""low"": -0.084931, ""close"": -0.036521}, {""open"": -0.03737, ""high"": -0.009342, ""low"": -0.05011, ""close"": -0.021233}, {""open"": -0.019534, ""high"": -0.008493, ""low"": -0.036521, ""close"": -0.020384}, {""open"": -0.019534, ""high"": -0.003397, ""low"": -0.043315, ""close"": -0.035671}]"
NQ=F,failed_bearish_fvg,1778525460,1778526780,23,2026-05-17T18:33:25.203177+00:00,"[{""open"": 0.0, ""high"": 0.008492, ""low"": -0.03057, ""close"": 0.003397}, {""open"": 0.003397, ""high"": 0.028871, ""low"": 0.000849, ""close"": 0.024626}, {""open"": 0.026324, ""high"": 0.037363, ""low"": 0.003397, ""close"": 0.005944}, {""open"": 0.003397, ""high"": 0.003397, ""low"": -0.036514, ""close"": -0.017832}, {""open"": -0.018681, ""high"": 0.002547, ""low"": -0.050949, ""close"": -0.011888}, {""open"": -0.012737, ""high"": 0.01019, ""low"": -0.013586, ""close"": 0.000849}, {""open"": 0.003397, ""high"": 0.007642, ""low"": -0.082368, ""close"": -0.058592}, {""open"": -0.056893, ""high"": -0.048402, ""low"": -0.126524, ""close"": -0.11039}, {""open"": -0.107843, ""high"": -0.104446, ""low"": -0.186814, ""close"": -0.18087}, {""open"": -0.177474, ""high"": -0.154546, ""low"": -0.202099, ""close"": -0.182569}, {""open"": -0.182569, ""high"": -0.125675, ""low"": -0.184267, ""close"": -0.136714}, {""open"": -0.139262, ""high"": -0.135016, ""low"": -0.190211, ""close"": -0.147753}, {""open"": -0.145206, ""high"": -0.144357, ""low"": -0.174077, ""close"": -0.157943}, {""open"": -0.16049, ""high"": -0.16049, ""low"": -0.217384, ""close"": -0.208892}, {""open"": -0.208043, ""high"": -0.126524, ""low"": -0.220781, ""close"": -0.129072}, {""open"": -0.127373, ""high"": -0.057743, ""low"": -0.134167, ""close"": -0.066234}, {""open"": -0.066234, ""high"": -0.062838, ""low"": -0.098502, ""close"": -0.073027}, {""open"": -0.074726, ""high"": -0.056044, ""low"": -0.099351, ""close"": -0.089161}, {""open"": -0.091709, ""high"": -0.046704, ""low"": -0.103597, ""close"": -0.055195}, {""open"": -0.056044, ""high"": -0.028022, ""low"": -0.068782, ""close"": -0.03991}, {""open"": -0.038212, ""high"": -0.027173, ""low"": -0.055195, ""close"": -0.039061}, {""open"": -0.038212, ""high"": -0.022078, ""low"": -0.061988, ""close"": -0.054346}, {""open"": -0.057743, ""high"": -0.031419, ""low"": -0.105295, ""close"": -0.076424}]"
NQ=F,failed_bearish_fvg,1778525640,1778526660,18,2026-05-17T18:33:28.394769+00:00,"[{""open"": 0.0, ""high"": 0.0, ""low"": -0.039909, ""close"": -0.021228}, {""open"": -0.022077, ""high"": -0.000849, ""low"": -0.054344, ""close"": -0.015284}, {""open"": -0.016133, ""high"": 0.006793, ""low"": -0.016983, ""close"": -0.002547}, {""open"": 0.0, ""high"": 0.004246, ""low"": -0.085762, ""close"": -0.061986}, {""open"": -0.060288, ""high"": -0.051797, ""low"": -0.129916, ""close"": -0.113783}, {""open"": -0.111236, ""high"": -0.107839, ""low"": -0.190204, ""close"": -0.184261}, {""open"": -0.180864, ""high"": -0.157938, ""low"": -0.205489, ""close"": -0.185959}, {""open"": -0.185959, ""high"": -0.129067, ""low"": -0.187657, ""close"": -0.140106}, {""open"": -0.142653, ""high"": -0.138408, ""low"": -0.193601, ""close"": -0.151145}, {""open"": -0.148597, ""high"": -0.147748, ""low"": -0.177468, ""close"": -0.161334}, {""open"": -0.163882, ""high"": -0.163882, ""low"": -0.220773, ""close"": -0.212282}, {""open"": -0.211433, ""high"": -0.129916, ""low"": -0.22417, ""close"": -0.132464}, {""open"": -0.130766, ""high"": -0.061137, ""low"": -0.137559, ""close"": -0.069628}, {""open"": -0.069628, ""high"": -0.066232, ""low"": -0.101895, ""close"": -0.076421}, {""open"": -0.07812, ""high"": -0.059439, ""low"": -0.102744, ""close"": -0.092555}, {""open"": -0.095102, ""high"": -0.050098, ""low"": -0.10699, ""close"": -0.05859}, {""open"": -0.059439, ""high"": -0.031418, ""low"": -0.072176, ""close"": -0.043305}, {""open"": -0.041607, ""high"": -0.030569, ""low"": -0.05859, ""close"": -0.042456}]"
NQ=F,failed_bearish_fvg,1778525760,1778526720,17,2026-05-17T18:33:32.077043+00:00,"[{""open"": 0.0, ""high"": 0.02293, ""low"": -0.000849, ""close"": 0.013588}, {""open"": 0.016136, ""high"": 0.020382, ""low"": -0.06964, ""close"": -0.04586}, {""open"": -0.044162, ""high"": -0.035669, ""low"": -0.113801, ""close"": -0.097665}, {""open"": -0.095118, ""high"": -0.091721, ""low"": -0.174099, ""close"": -0.168154}, {""open"": -0.164757, ""high"": -0.141827, ""low"": -0.189386, ""close"": -0.169853}, {""open"": -0.169853, ""high"": -0.112952, ""low"": -0.171551, ""close"": -0.123993}, {""open"": -0.12654, ""high"": -0.122294, ""low"": -0.177496, ""close"": -0.135033}, {""open"": -0.132485, ""high"": -0.131636, ""low"": -0.16136, ""close"": -0.145224}, {""open"": -0.147772, ""high"": -0.147772, ""low"": -0.204673, ""close"": -0.19618}, {""open"": -0.195331, ""high"": -0.113801, ""low"": -0.20807, ""close"": -0.116349}, {""open"": -0.114651, ""high"": -0.045011, ""low"": -0.121445, ""close"": -0.053504}, {""open"": -0.053504, ""high"": -0.050107, ""low"": -0.085776, ""close"": -0.060298}, {""open"": -0.061996, ""high"": -0.043312, ""low"": -0.086625, ""close"": -0.076434}, {""open"": -0.078982, ""high"": -0.033971, ""low"": -0.090871, ""close"": -0.042463}, {""open"": -0.043312, ""high"": -0.015287, ""low"": -0.056051, ""close"": -0.027176}, {""open"": -0.025478, ""high"": -0.014437, ""low"": -0.042463, ""close"": -0.026327}, {""open"": -0.025478, ""high"": -0.009342, ""low"": -0.049257, ""close"": -0.041614}]"
